l_id,v_id_1,v_id_2,voltage,cables,wires,frequency,name,operator,ref,length_m,r_ohmkm,x_ohmkm,c_nfkm,i_th_max_a,from_relation,wkt_srid_4326
5458,13552,22147,220000,3,,,,,,33844.0480118372,,,,,"","SRID=4326;LINESTRING(18.9956290032322 42.6712494754766,19.2727292254677 42.465985567504)"
66788,48186,48214,400000,3,,,,,,54582.9330002743,,,,,"","SRID=4326;LINESTRING(19.3268992803541 43.3342251699941,19.7400227264992 42.9898523693053)"
5457,48186,22147,220000,3,,,,,,148472.637187487,,,,,"","SRID=4326;LINESTRING(19.3268992803541 43.3342251699941,19.2727292254677 42.465985567504)"
5459,13871,22147,220000,3,,,,,,32.1394740617912,,,,,"","SRID=4326;LINESTRING(19.2705432543393 42.4641724096706,19.2727292254677 42.465985567504)"
66789,44740,48214,400000,3,,,,,,84374.4031570495,,,,,"","SRID=4326;LINESTRING(19.2005475450299 42.4562737697585,19.7400227264992 42.9898523693053)"
