l_id,v_id_1,v_id_2,voltage,cables,wires,frequency,name,operator,ref,length_m,r_ohmkm,x_ohmkm,c_nfkm,i_th_max_a,from_relation,wkt_srid_4326
24980,10448,57928,,,,,,,,270.52330995212,,,,,"","SRID=4326;LINESTRING(41.7300561328937 42.6437981659207,41.7333940075902 42.6455462857258)"
11962,5573,54711,220000,,,,,,,10541.9256916148,,,,,"","SRID=4326;LINESTRING(41.7626447849385 42.6541658341866,41.8722235348096 42.676788218772)"
24981,5573,57928,220000,,,,Kolkhida 3,,,2566.99731984709,,,,,"","SRID=4326;LINESTRING(41.7626447849385 42.6541658341866,41.7333940075902 42.6455462857258)"
24979,39720,57928,220000,,,,Kolkhida 3,,,28949.1388760608,,,,,"","SRID=4326;LINESTRING(41.67833943278 42.8412166652038,41.7333940075902 42.6455462857258)"
61200,5573,10448,,,,,,,,2769.70809607357,,,,,"","SRID=4326;LINESTRING(41.7626447849385 42.6541658341866,41.7300561328937 42.6437981659207)"
