l_id,v_id_1,v_id_2,voltage,cables,wires,frequency,name,operator,ref,length_m,r_ohmkm,x_ohmkm,c_nfkm,i_th_max_a,from_relation,wkt_srid_4326
20188,5857,30152,220000,,,,,,,643.65719060064,,,,,"","SRID=4326;LINESTRING(43.8238542069485 40.7756301132755,43.8206567891951 40.7818061735267)"
2641,5857,62739,220000,,,,,,,491.169734197432,,,,,"","SRID=4326;LINESTRING(43.8238542069485 40.7756301132755,43.8208152346586 40.7810257180957)"
20189,62739,30152,220000,,,,,,,234.588274710914,,,,,"","SRID=4326;LINESTRING(43.8208152346586 40.7810257180957,43.8206567891951 40.7818061735267)"
80285,16668,5857,110000,,,,,,,6644.6724833229,,,,,"","SRID=4326;LINESTRING(43.7914920141532 40.8261515451217,43.8238542069485 40.7756301132755)"
80284,30013,5857,220000,3;6,,,,,,11355.94250948,,,,,"","SRID=4326;LINESTRING(43.772261400736 40.6827457028905,43.8238542069485 40.7756301132755)"
20190,16668,30152,220000,,,,,,,6133.32066793392,,,,,"","SRID=4326;LINESTRING(43.7914920141532 40.8261515451217,43.8206567891951 40.7818061735267)"
18680,5857,30013,110000,,,,,,,11329.2227920788,,,,,"","SRID=4326;LINESTRING(43.8238542069485 40.7756301132755,43.772261400736 40.6827457028905)"
71350,62739,16667,220000,,,,,,,14407.8247054901,,,,,"","SRID=4326;LINESTRING(43.8208152346586 40.7810257180957,43.7514382872318 40.8628335516116)"
